{
    "ks": 0.41626515610333564,
    "gini": 0.5508256404616887,
    "auc": 0.7754128202308443,
    "brier": 0.06662099574016218,
    "calibration_error": 0.05374157597164912
}