{
    "ks":0.3242537089,
    "gini":0.4368858639,
    "auc":0.7184429319,
    "brier":0.2122942873,
    "calibration_error":0.3772070904
}